symbol,security,gics sector,gics sub-industry,headquarters location,date added,cik,founded,date,asset_type,size_metric,market_bucket,candidate_status,candidate_fail_reasons
NVDA,Nvidia,Information Technology,Semiconductors,"Santa Clara, California",2001-11-30,1045810,1993,2025-08-23,EQUITY,4870476660736.0,equity,PASS,
GOOGL,Alphabet Inc. (Class A),Communication Services,Interactive Media & Services,"Mountain View, California",2014-04-03,1652044,1998,2025-08-23,EQUITY,4110318829568.0,equity,PASS,
GOOG,Alphabet Inc. (Class C),Communication Services,Interactive Media & Services,"Mountain View, California",2006-04-03,1652044,1998,2025-08-23,EQUITY,4082132844544.0,equity,PASS,
AAPL,Apple Inc.,Information Technology,"Technology Hardware, Storage & Peripherals","Cupertino, California",1982-11-30,320193,1977,2025-08-23,EQUITY,3976891465728.0,equity,PASS,
MSFT,Microsoft,Information Technology,Systems Software,"Redmond, Washington",1994-06-01,789019,1975,2025-08-23,EQUITY,3159392256000.0,equity,PASS,
AMZN,Amazon,Consumer Discretionary,Broadline Retail,"Seattle, Washington",2005-11-18,1018724,1994,2025-08-23,EQUITY,2730612228096.0,equity,PASS,
AVGO,Broadcom,Information Technology,Semiconductors,"Palo Alto, California",2014-05-08,1730168,1961,2025-08-23,EQUITY,1912369053696.0,equity,PASS,
META,Meta Platforms,Communication Services,Interactive Media & Services,"Menlo Park, California",2013-12-23,1326801,2004,2025-08-23,EQUITY,1734554157056.0,equity,PASS,
TSLA,"Tesla, Inc.",Consumer Discretionary,Automobile Manufacturers,"Austin, Texas",2020-12-21,1318605,2003,2025-08-23,EQUITY,1508027400192.0,equity,PASS,
WMT,Walmart,Consumer Staples,Consumer Staples Merchandise Retail,"Bentonville, Arkansas",1982-08-31,104169,1962,2025-08-23,EQUITY,1008229875712.0,equity,PASS,
JPM,JPMorgan Chase,Financials,Diversified Banks,"New York City, New York",1975-06-30,19617,2000 (1799 / 1871),2025-08-23,EQUITY,840934686720.0,equity,PASS,
LLY,Lilly (Eli),Health Care,Pharmaceuticals,"Indianapolis, Indiana",1970-12-31,59478,1876,2025-08-23,EQUITY,823605198848.0,equity,PASS,
V,Visa Inc.,Financials,Transaction & Payment Processing Services,"San Francisco, California",2009-12-21,1403161,1958,2025-08-23,EQUITY,611034333184.0,equity,PASS,
XOM,ExxonMobil,Energy,Integrated Oil & Gas,"Irving, Texas",1957-03-04,34088,1999,2025-08-23,EQUITY,605195075584.0,equity,PASS,
JNJ,Johnson & Johnson,Health Care,Pharmaceuticals,"New Brunswick, New Jersey",1973-06-30,200406,1886,2025-08-23,EQUITY,566025060352.0,equity,PASS,
MU,Micron Technology,Information Technology,Semiconductors,"Boise, Idaho",1994-09-27,723125,1978,2025-08-23,EQUITY,517359271936.0,equity,PASS,
ORCL,Oracle Corporation,Information Technology,Application Software,"Austin, Texas",1989-08-31,1341439,1977,2025-08-23,EQUITY,506543931392.0,equity,PASS,
MA,Mastercard,Financials,Transaction & Payment Processing Services,"Harrison, New York",2008-07-18,1141391,1966,2025-08-23,EQUITY,467101908992.0,equity,PASS,
AMD,Advanced Micro Devices,Information Technology,Semiconductors,"Santa Clara, California",2017-03-20,2488,1969,2025-08-23,EQUITY,454900940800.0,equity,PASS,
COST,Costco,Consumer Staples,Consumer Staples Merchandise Retail,"Issaquah, Washington",1993-10-01,909832,1976,2025-08-23,EQUITY,440631394304.0,equity,PASS,
NFLX,Netflix,Communication Services,Movies & Entertainment,"Los Gatos, California",2010-12-20,1065280,1997,2025-08-23,EQUITY,411208777728.0,equity,PASS,
BAC,Bank of America,Financials,Diversified Banks,"Charlotte, North Carolina",1976-06-30,70858,1998 (1923 / 1874),2025-08-23,EQUITY,386868674560.0,equity,PASS,
CAT,Caterpillar Inc.,Industrials,Construction Machinery & Heavy Transportation Equipment,"Irving, Texas",1957-03-04,18230,1925,2025-08-23,EQUITY,372154531840.0,equity,PASS,
ABBV,AbbVie,Health Care,Biotechnology,"North Chicago, Illinois",2012-12-31,1551152,2013 (1888),2025-08-23,EQUITY,371068633088.0,equity,PASS,
CVX,Chevron Corporation,Energy,Integrated Oil & Gas,"San Ramon, California",1957-03-04,93410,1879,2025-08-23,EQUITY,363969708032.0,equity,PASS,
PLTR,Palantir Technologies,Information Technology,Application Software,"Denver, Colorado",2024-09-23,1321655,2003,2025-08-23,EQUITY,352078594048.0,equity,PASS,
HD,Home Depot (The),Consumer Discretionary,Home Improvement Retail,"Atlanta, Georgia",1988-03-31,354950,1978,2025-08-23,EQUITY,347862663168.0,equity,PASS,
INTC,Intel,Information Technology,Semiconductors,"Santa Clara, California",1976-12-31,50863,1968,2025-08-23,EQUITY,344090345472.0,equity,PASS,
PG,Procter & Gamble,Consumer Staples,Personal Care Products,"Cincinnati, Ohio",1957-03-04,80424,1837,2025-08-23,EQUITY,343628316672.0,equity,PASS,
CSCO,Cisco,Information Technology,Communications Equipment,"San Jose, California",1993-12-01,858877,1984,2025-08-23,EQUITY,340050968576.0,equity,PASS,
LRCX,Lam Research,Information Technology,Semiconductor Materials & Equipment,"Fremont, California",2012-06-29,707549,1980,2025-08-23,EQUITY,334618820608.0,equity,PASS,
KO,Coca-Cola Company (The),Consumer Staples,Soft Drinks & Non-alcoholic Beverages,"Atlanta, Georgia",1957-03-04,21344,1886,2025-08-23,EQUITY,326200983552.0,equity,PASS,
GE,GE Aerospace,Industrials,Aerospace & Defense,"Evendale, Ohio",1957-03-04,40545,1892,2025-08-23,EQUITY,323933339648.0,equity,PASS,
AMAT,Applied Materials,Information Technology,Semiconductor Materials & Equipment,"Santa Clara, California",1995-03-16,6951,1967,2025-08-23,EQUITY,310222094336.0,equity,PASS,
MS,Morgan Stanley,Financials,Investment Banking & Brokerage,"New York City, New York",1993-07-29,895421,1935,2025-08-23,EQUITY,301225017344.0,equity,PASS,
UNH,UnitedHealth Group,Health Care,Managed Health Care,"Minnetonka, Minnesota",1994-07-01,731766,1977,2025-08-23,EQUITY,293941739520.0,equity,PASS,
MRK,Merck & Co.,Health Care,Pharmaceuticals,"Kenilworth, New Jersey",1957-03-04,310158,1891,2025-08-23,EQUITY,292113121280.0,equity,PASS,
GS,Goldman Sachs,Financials,Investment Banking & Brokerage,"New York City, New York",2002-07-22,886982,1869,2025-08-23,EQUITY,273583931392.0,equity,PASS,
GEV,GE Vernova,Industrials,Heavy Electrical Equipment,"Cambridge, Massachusetts",2024-04-02,1996810,2024,2025-08-23,EQUITY,269978238976.0,equity,PASS,
RTX,RTX Corporation,Industrials,Aerospace & Defense,"Waltham, Massachusetts",1957-03-04,101829,1922,2025-08-23,EQUITY,266085662720.0,equity,PASS,
WFC,Wells Fargo,Financials,Diversified Banks,"San Francisco, California",1976-06-30,72971,1852,2025-08-23,EQUITY,250147569664.0,equity,PASS,
PM,Philip Morris International,Consumer Staples,Tobacco,"New York City, New York",2008-03-31,1413329,2008 (1847),2025-08-23,EQUITY,244954202112.0,equity,PASS,
IBM,IBM,Information Technology,IT Consulting & Other Services,"Armonk, New York",1957-03-04,51143,1911,2025-08-23,EQUITY,236779388928.0,equity,PASS,
KLAC,KLA Corporation,Information Technology,Semiconductor Materials & Equipment,"Milpitas, California",1997-09-30,319201,1975/1977 (1997),2025-08-23,EQUITY,232960589824.0,equity,PASS,
C,Citigroup,Financials,Diversified Banks,"New York City, New York",1988-05-31,831001,1998,2025-08-23,EQUITY,231557349376.0,equity,PASS,
AXP,American Express,Financials,Consumer Finance,"New York City, New York",1976-06-30,4962,1850,2025-08-23,EQUITY,230149586944.0,equity,PASS,
LIN,Linde plc,Materials,Industrial Gases,"Guildford, United Kingdom",1992-07-01,1707925,1879,2025-08-23,EQUITY,229875941376.0,equity,PASS,
TMUS,T-Mobile US,Communication Services,Wireless Telecommunication Services,"Bellevue, Washington",2019-07-15,1283699,1994,2025-08-23,EQUITY,221978836992.0,equity,PASS,
MCD,McDonald's,Consumer Discretionary,Restaurants,"Chicago, Illinois",1970-06-30,63908,1940,2025-08-23,EQUITY,221483220992.0,equity,PASS,
PEP,PepsiCo,Consumer Staples,Soft Drinks & Non-alcoholic Beverages,"Purchase, New York",1957-03-04,77476,1898,2025-08-23,EQUITY,214691741696.0,equity,PASS,
TXN,Texas Instruments,Information Technology,Semiconductors,"Dallas, Texas",2001-03-12,97476,1930,2025-08-23,EQUITY,208996859904.0,equity,PASS,
ANET,Arista Networks,Information Technology,Communications Equipment,"Santa Clara, California",2018-08-28,1596532,2004,2025-08-23,EQUITY,206466203648.0,equity,PASS,
VZ,Verizon,Communication Services,Integrated Telecommunication Services,"New York City, New York",1983-11-30,732712,1983 (1877),2025-08-23,EQUITY,197661786112.0,equity,PASS,
TMO,Thermo Fisher Scientific,Health Care,Life Sciences Tools & Services,"Waltham, Massachusetts",2004-08-03,97745,2006 (1902),2025-08-23,EQUITY,195524870144.0,equity,PASS,
AMGN,Amgen,Health Care,Biotechnology,"Thousand Oaks, California",1992-01-02,318154,1980,2025-08-23,EQUITY,191503777792.0,equity,PASS,
NEE,NextEra Energy,Utilities,Multi-Utilities,"Juno Beach, Florida",1976-06-30,753308,1984 (1925),2025-08-23,EQUITY,190690525184.0,equity,PASS,
DIS,Walt Disney Company (The),Communication Services,Movies & Entertainment,"Burbank, California",1976-06-30,1744489,1923,2025-08-23,EQUITY,188085420032.0,equity,PASS,
T,AT&T,Communication Services,Integrated Telecommunication Services,"Dallas, Texas",1983-11-30,732717,1983 (1885),2025-08-23,EQUITY,186180337664.0,equity,PASS,
APH,Amphenol,Information Technology,Electronic Components,"Wallingford, Connecticut",2008-09-30,820313,1932,2025-08-23,EQUITY,186000556032.0,equity,PASS,
ADI,Analog Devices,Information Technology,Semiconductors,"Wilmington, Massachusetts",1999-10-12,6281,1965,2025-08-23,EQUITY,180161986560.0,equity,PASS,
TJX,TJX Companies,Consumer Discretionary,Apparel Retail,"Framingham, Massachusetts",1985-09-30,109198,1987,2025-08-23,EQUITY,178890686464.0,equity,PASS,
BA,Boeing,Industrials,Aerospace & Defense,"Arlington, Virginia",1957-03-04,12927,1916,2025-08-23,EQUITY,177588994048.0,equity,PASS,
CRM,Salesforce,Information Technology,Application Software,"San Francisco, California",2008-09-15,1108524,1999,2025-08-23,EQUITY,171105665024.0,equity,PASS,
GILD,Gilead Sciences,Health Care,Biotechnology,"Foster City, California",2004-07-01,882095,1987,2025-08-23,EQUITY,170864115712.0,equity,PASS,
ABT,Abbott Laboratories,Health Care,Health Care Equipment,"North Chicago, Illinois",1957-03-04,1800,1888,2025-08-23,EQUITY,167747223552.0,equity,PASS,
ISRG,Intuitive Surgical,Health Care,Health Care Equipment,"Sunnyvale, California",2008-06-02,1035267,1995,2025-08-23,EQUITY,167299137536.0,equity,PASS,
BLK,BlackRock,Financials,Asset Management & Custody Banks,"New York City, New York",2011-04-04,2012383,1988,2025-08-23,EQUITY,164980588544.0,equity,PASS,
SCHW,Charles Schwab Corporation,Financials,Investment Banking & Brokerage,"Westlake, Texas",1997-06-02,316709,1971,2025-08-23,EQUITY,161729036288.0,equity,PASS,
BX,Blackstone Inc.,Financials,Asset Management & Custody Banks,"New York City, New York",2023-09-18,1393818,1985,2025-08-23,EQUITY,159774097408.0,equity,PASS,
DE,Deere & Company,Industrials,Agricultural & Farm Machinery,"Moline, Illinois",1957-03-04,315189,1837,2025-08-23,EQUITY,159033786368.0,equity,PASS,
UBER,Uber,Industrials,Passenger Ground Transportation,"San Francisco, California",2023-12-18,1543151,2009,2025-08-23,EQUITY,159030607872.0,equity,PASS,
ETN,Eaton Corporation,Industrials,Electrical Components & Equipment,"Dublin, Ireland",1957-03-04,1551182,1911,2025-08-23,EQUITY,158189502464.0,equity,PASS,
PFE,Pfizer,Health Care,Pharmaceuticals,"New York City, New York",1957-03-04,78003,1849,2025-08-23,EQUITY,156458237952.0,equity,PASS,
BKNG,Booking Holdings,Consumer Discretionary,"Hotels, Resorts & Cruise Lines","Norwalk, Connecticut",2009-11-06,1075531,1996,2025-08-23,EQUITY,151097704448.0,equity,PASS,
UNP,Union Pacific Corporation,Industrials,Rail Transportation,"Omaha, Nebraska",1957-03-04,100885,1862,2025-08-23,EQUITY,149719728128.0,equity,PASS,
HON,Honeywell,Industrials,Industrial Conglomerates,"Charlotte, North Carolina",1957-03-04,773840,1906,2025-08-23,EQUITY,148841955328.0,equity,PASS,
WELL,Welltower,Real Estate,Health Care REITs,"Toledo, Ohio",2009-01-30,766704,1970,2025-08-23,EQUITY,148617183232.0,equity,PASS,
QCOM,Qualcomm,Information Technology,Semiconductors,"San Diego, California",1999-07-22,804328,1985,2025-08-23,EQUITY,145344921600.0,equity,PASS,
LOW,Lowe's,Consumer Discretionary,Home Improvement Retail,"Mooresville, North Carolina",1984-02-29,60667,1904/1946/1959,2025-08-23,EQUITY,141480378368.0,equity,PASS,
COP,ConocoPhillips,Energy,Oil & Gas Exploration & Production,"Houston, Texas",1957-03-04,1163165,2002,2025-08-23,EQUITY,141180174336.0,equity,PASS,
GLW,Corning Inc.,Information Technology,Electronic Components,"Corning, New York",1995-02-27,24741,1851,2025-08-23,EQUITY,141153320960.0,equity,PASS,
DHR,Danaher Corporation,Health Care,Life Sciences Tools & Services,"Washington, D.C.",1998-11-18,313616,1969,2025-08-23,EQUITY,137937698816.0,equity,PASS,
LMT,Lockheed Martin,Industrials,Aerospace & Defense,"Bethesda, Maryland",1957-03-04,936468,1995,2025-08-23,EQUITY,136894496768.0,equity,PASS,
PANW,Palo Alto Networks,Information Technology,Systems Software,"Santa Clara, California",2023-06-20,1327567,2005,2025-08-23,EQUITY,136808521728.0,equity,PASS,
PLD,Prologis,Real Estate,Industrial REITs,"San Francisco, California",2003-07-17,1045609,1983,2025-08-23,EQUITY,134865805312.0,equity,PASS,
SPGI,S&P Global,Financials,Financial Exchanges & Data,"New York City, New York",1957-03-04,64040,1917,2025-08-23,EQUITY,132616396800.0,equity,PASS,
SYK,Stryker Corporation,Health Care,Health Care Equipment,"Kalamazoo, Michigan",2000-12-12,310764,1941,2025-08-23,EQUITY,131122315264.0,equity,PASS,
DELL,Dell Technologies,Information Technology,"Technology Hardware, Storage & Peripherals","Round Rock, Texas",2024-09-23,1571996,2016,2025-08-23,EQUITY,130056151040.0,equity,PASS,
COF,Capital One,Financials,Consumer Finance,"Tysons Corner, Virginia",1998-07-01,927628,1994,2025-08-23,EQUITY,129567006720.0,equity,PASS,
CB,Chubb Limited,Financials,Property & Casualty Insurance,"Zurich, Switzerland",2010-07-15,896159,1985,2025-08-23,EQUITY,129262870528.0,equity,PASS,
WDC,Western Digital,Information Technology,"Technology Hardware, Storage & Peripherals","San Jose, California",2009-07-01,106040,1970,2025-08-23,EQUITY,127870337024.0,equity,PASS,
NEM,Newmont,Materials,Gold,"Denver, Colorado",1969-06-30,1164727,1921,2025-08-23,EQUITY,126878760960.0,equity,PASS,
PH,Parker Hannifin,Industrials,Industrial Machinery & Supplies & Components,"Cleveland, Ohio",1985-11-30,76334,1917,2025-08-23,EQUITY,125471850496.0,equity,PASS,
BMY,Bristol Myers Squibb,Health Care,Pharmaceuticals,"New York City, New York",1957-03-04,14272,1989 (1887),2025-08-23,EQUITY,122810392576.0,equity,PASS,
STX,Seagate Technology,Information Technology,"Technology Hardware, Storage & Peripherals","Dublin, Ireland",2012-07-02,1137789,1979,2025-08-23,EQUITY,122808467456.0,equity,PASS,
ACN,Accenture,Information Technology,IT Consulting & Other Services,"Dublin, Ireland",2011-07-06,1467373,1989,2025-08-23,EQUITY,121234571264.0,equity,PASS,
PGR,Progressive Corporation,Financials,Property & Casualty Insurance,"Mayfield Village, Ohio",1997-08-04,80661,1937,2025-08-23,EQUITY,119524048896.0,equity,PASS,
SBUX,Starbucks,Consumer Discretionary,Restaurants,"Seattle, Washington",2000-06-07,829224,1971,2025-08-23,EQUITY,114294571008.0,equity,PASS,
VRTX,Vertex Pharmaceuticals,Health Care,Biotechnology,"Boston, Massachusetts",2013-09-23,875320,1989,2025-08-23,EQUITY,112137027584.0,equity,PASS,
MDT,Medtronic,Health Care,Health Care Equipment,"Dublin, Ireland",1986-10-31,1613103,1949,2025-08-23,EQUITY,110735073280.0,equity,PASS,
HCA,HCA Healthcare,Health Care,Health Care Facilities,"Nashville, Tennessee",2015-01-27,860730,1968,2025-08-23,EQUITY,110212202496.0,equity,PASS,
INTU,Intuit,Information Technology,Application Software,"Mountain View, California",2000-12-05,896878,1983,2025-08-23,EQUITY,109151617024.0,equity,PASS,
CMCSA,Comcast,Communication Services,Cable & Satellite,"Philadelphia, Pennsylvania",2002-11-19,1166691,1963,2025-08-23,EQUITY,108023250944.0,equity,PASS,
MO,Altria,Consumer Staples,Tobacco,"Richmond, Virginia",1957-03-04,764180,1985,2025-08-23,EQUITY,107904303104.0,equity,PASS,
CRWD,CrowdStrike,Information Technology,Systems Software,"Austin, Texas",2024-06-24,1535527,2011,2025-08-23,EQUITY,107610996736.0,equity,PASS,
EQIX,Equinix,Real Estate,Data Center REITs,"Redwood City, California",2015-03-20,1101239,1998,2025-08-23,EQUITY,106816135168.0,equity,PASS,
CEG,Constellation Energy,Utilities,Electric Utilities,"Baltimore, Maryland",2022-02-02,1868275,1999,2025-08-23,EQUITY,106808090624.0,equity,PASS,
MCK,McKesson Corporation,Health Care,Health Care Distributors,"Irving, Texas",1999-01-13,927653,1833,2025-08-23,EQUITY,106733813760.0,equity,PASS,
SO,Southern Company,Utilities,Electric Utilities,"Atlanta, Georgia",1957-03-04,92122,1945,2025-08-23,EQUITY,106518962176.0,equity,PASS,
TT,Trane Technologies,Industrials,Building Products,"Dublin, Ireland",2010-11-17,1466258,1871,2025-08-23,EQUITY,106226286592.0,equity,PASS,
CME,CME Group,Financials,Financial Exchanges & Data,"Chicago, Illinois",2006-08-11,1156375,1848,2025-08-23,EQUITY,104035221504.0,equity,PASS,
HWM,Howmet Aerospace,Industrials,Aerospace & Defense,"Pittsburgh, Pennsylvania",2016-10-21,4281,1888,2025-08-23,EQUITY,102917308416.0,equity,PASS,
NOW,ServiceNow,Information Technology,Systems Software,"Santa Clara, California",2019-11-21,1373715,2003,2025-08-23,EQUITY,101320785920.0,equity,PASS,
FCX,Freeport-McMoRan,Materials,Copper,"Phoenix, Arizona",2011-07-01,831259,1912,2025-08-23,EQUITY,100561002496.0,equity,PASS,
ADBE,Adobe Inc.,Information Technology,Application Software,"San Jose, California",1997-05-05,796343,1982,2025-08-23,EQUITY,99899588608.0,equity,PASS,
MAR,Marriott International,Consumer Discretionary,"Hotels, Resorts & Cruise Lines","Bethesda, Maryland",1998-05-29,1048286,1927,2025-08-23,EQUITY,99774636032.0,equity,PASS,
CVS,CVS Health,Health Care,Health Care Services,"Woonsocket, Rhode Island",1957-03-04,64803,1996,2025-08-23,EQUITY,99375603712.0,equity,PASS,
DUK,Duke Energy,Utilities,Electric Utilities,"Charlotte, North Carolina",1976-06-30,1326160,1904,2025-08-23,EQUITY,99333914624.0,equity,PASS,
KKR,KKR & Co.,Financials,Asset Management & Custody Banks,"New York City, New York",2024-06-24,1404912,1976,2025-08-23,EQUITY,97140670464.0,equity,PASS,
BSX,Boston Scientific,Health Care,Health Care Equipment,"Marlborough, Massachusetts",1995-02-24,885725,1979,2025-08-23,EQUITY,95241527296.0,equity,PASS,
NOC,Northrop Grumman,Industrials,Aerospace & Defense,"West Falls Church, Virginia",1957-03-04,1133421,"1994 (Northrop 1939, Grumman 1930)",2025-08-23,EQUITY,95030829056.0,equity,PASS,
BK,BNY Mellon,Financials,Asset Management & Custody Banks,"New York City, New York",1995-03-31,1390777,1784,2025-08-23,EQUITY,93863837696.0,equity,PASS,
FDX,FedEx,Industrials,Air Freight & Logistics,"Memphis, Tennessee",1980-12-31,1048911,1971,2025-08-23,EQUITY,92992208896.0,equity,PASS,
ICE,Intercontinental Exchange,Financials,Financial Exchanges & Data,"Atlanta, Georgia",2007-09-26,1571949,2000,2025-08-23,EQUITY,91425660928.0,equity,PASS,
GD,General Dynamics,Industrials,Aerospace & Defense,"Falls Church, Virginia",1957-03-04,40533,1899,2025-08-23,EQUITY,90876911616.0,equity,PASS,
PNC,PNC Financial Services,Financials,Diversified Banks,"Pittsburgh, Pennsylvania",1988-04-30,713676,1845,2025-08-23,EQUITY,90605174784.0,equity,PASS,
UPS,United Parcel Service,Industrials,Air Freight & Logistics,"Sandy Springs, Georgia",2002-07-22,1090727,1907,2025-08-23,EQUITY,90592124928.0,equity,PASS,
WM,Waste Management,Industrials,Environmental & Facilities Services,"Houston, Texas",1998-08-31,823768,1968,2025-08-23,EQUITY,90149617664.0,equity,PASS,
PWR,Quanta Services,Industrials,Construction & Engineering,"Houston, Texas",2009-07-01,1050915,1997,2025-08-23,EQUITY,90067042304.0,equity,PASS,
USB,U.S. Bancorp,Financials,Diversified Banks,"Minneapolis, Minnesota",1999-11-01,36104,1968,2025-08-23,EQUITY,88673878016.0,equity,PASS,
WMB,Williams Companies,Energy,Oil & Gas Storage & Transportation,"Tulsa, Oklahoma",1975-03-31,107263,1908,2025-08-23,EQUITY,86700556288.0,equity,PASS,
JCI,Johnson Controls,Industrials,Building Products,"Cork, Ireland",2010-08-27,833444,1885,2025-08-23,EQUITY,86411501568.0,equity,PASS,
SNPS,Synopsys,Information Technology,Application Software,"Sunnyvale, California",2017-03-16,883241,1986,2025-08-23,EQUITY,86394478592.0,equity,PASS,
CMI,Cummins,Industrials,Construction Machinery & Heavy Transportation Equipment,"Columbus, Indiana",1965-03-31,26172,1919,2025-08-23,EQUITY,86290604032.0,equity,PASS,
SHW,Sherwin-Williams,Materials,Specialty Chemicals,"Cleveland, Ohio",1964-06-30,89800,1866,2025-08-23,EQUITY,86096781312.0,equity,PASS,
CDNS,Cadence Design Systems,Information Technology,Application Software,"San Jose, California",2017-09-18,813672,1988,2025-08-23,EQUITY,85444976640.0,equity,PASS,
ABNB,Airbnb,Consumer Discretionary,"Hotels, Resorts & Cruise Lines","San Francisco, California",2023-09-18,1559720,2008,2025-08-23,EQUITY,84915159040.0,equity,PASS,
AMT,American Tower,Real Estate,Telecom Tower REITs,"Boston, Massachusetts",2007-11-19,1053507,1995,2025-08-23,EQUITY,84860706816.0,equity,PASS,
MMM,3M,Industrials,Industrial Conglomerates,"Saint Paul, Minnesota",1957-03-04,66740,1902,2025-08-23,EQUITY,81986125824.0,equity,PASS,
EMR,Emerson Electric,Industrials,Electrical Components & Equipment,"Ferguson, Missouri",1965-03-31,32604,1890,2025-08-23,EQUITY,81888051200.0,equity,PASS,
MCO,Moody's Corporation,Financials,Financial Exchanges & Data,"New York City, New York",1998-07-01,1059556,1909,2025-08-23,EQUITY,81379811328.0,equity,PASS,
CSX,CSX Corporation,Industrials,Rail Transportation,"Jacksonville, Florida",1957-03-04,277948,1980,2025-08-23,EQUITY,80667893760.0,equity,PASS,
ADP,Automatic Data Processing,Industrials,Human Resource & Employment Services,"Roseland, New Jersey",1981-03-31,8670,1949,2025-08-23,EQUITY,80533831680.0,equity,PASS,
DASH,DoorDash,Consumer Discretionary,Specialized Consumer Services,"San Francisco, California",2025-03-24,1792789,2012,2025-08-23,EQUITY,80075636736.0,equity,PASS,
SLB,Schlumberger,Energy,Oil & Gas Equipment & Services,"Houston, Texas",1957-03-04,87347,1926,2025-08-23,EQUITY,79409954816.0,equity,PASS,
REGN,Regeneron Pharmaceuticals,Health Care,Biotechnology,"Tarrytown, New York",2013-05-01,872589,1988,2025-08-23,EQUITY,79256027136.0,equity,PASS,
RCL,Royal Caribbean Group,Consumer Discretionary,"Hotels, Resorts & Cruise Lines","Miami, Florida",2014-12-05,884887,1997,2025-08-23,EQUITY,78868594688.0,equity,PASS,
ITW,Illinois Tool Works,Industrials,Industrial Machinery & Supplies & Components,"Glenview, Illinois",1986-02-28,49826,1912,2025-08-23,EQUITY,78609432576.0,equity,PASS,
ORLY,O’Reilly Automotive,Consumer Discretionary,Automotive Retail,"Springfield, Missouri",2009-03-27,898173,1957,2025-08-23,EQUITY,78541078528.0,equity,PASS,
SPG,Simon Property Group,Real Estate,Retail REITs,"Indianapolis, Indiana",2002-06-26,1063761,2003,2025-08-23,EQUITY,78431485952.0,equity,PASS,
HLT,Hilton Worldwide,Consumer Discretionary,"Hotels, Resorts & Cruise Lines","Tysons Corner, Virginia",2017-06-19,1585689,1919,2025-08-23,EQUITY,78359265280.0,equity,PASS,
ECL,Ecolab,Materials,Specialty Chemicals,"Saint Paul, Minnesota",1989-01-31,31462,1923,2025-08-23,EQUITY,78224326656.0,equity,PASS,
GM,General Motors,Consumer Discretionary,Automobile Manufacturers,"Detroit, Michigan",2013-06-06,1467858,1908,2025-08-23,EQUITY,76340707328.0,equity,PASS,
MNST,Monster Beverage,Consumer Staples,Soft Drinks & Non-alcoholic Beverages,"Corona, California",2012-06-28,865752,2012 (1935),2025-08-23,EQUITY,74778042368.0,equity,PASS,
CI,Cigna,Health Care,Health Care Services,"Bloomfield, Connecticut",1976-06-30,1739940,1982,2025-08-23,EQUITY,74605576192.0,equity,PASS,
ROST,Ross Stores,Consumer Discretionary,Apparel Retail,"Dublin, California",2009-12-21,745732,1982,2025-08-23,EQUITY,73646792704.0,equity,PASS,
MSI,Motorola Solutions,Information Technology,Communications Equipment,"Chicago, Illinois",1957-03-04,68505,1928 (2011),2025-08-23,EQUITY,73603268608.0,equity,PASS,
MDLZ,Mondelez International,Consumer Staples,Packaged Foods & Meats,"Chicago, Illinois",2012-10-02,1103982,2012,2025-08-23,EQUITY,73253289984.0,equity,PASS,
AEP,American Electric Power,Utilities,Electric Utilities,"Columbus, Ohio",1957-03-04,4904,1906,2025-08-23,EQUITY,72712486912.0,equity,PASS,
APO,Apollo Global Management,Financials,Asset Management & Custody Banks,"New York City, New York",2024-12-23,1858681,1990,2025-08-23,EQUITY,72477368320.0,equity,PASS,
TEL,TE Connectivity,Information Technology,Electronic Manufacturing Services,"Galway, Ireland",2011-10-17,1385157,2007,2025-08-23,EQUITY,72098185216.0,equity,PASS,
CTAS,Cintas,Industrials,Diversified Support Services,"Mason, Ohio",2001-03-01,723254,1929,2025-08-23,EQUITY,72071692288.0,equity,PASS,
TDG,TransDigm Group,Industrials,Aerospace & Defense,"Cleveland, Ohio",2016-06-03,1260221,1993,2025-08-23,EQUITY,72023556096.0,equity,PASS,
AON,Aon plc,Financials,Insurance Brokers,"London, United Kingdom",1996-04-23,315293,1982 (1919),2025-08-23,EQUITY,71968923648.0,equity,PASS,
MPWR,Monolithic Power Systems,Information Technology,Semiconductors,"Kirkland, Washington",2021-02-12,1280452,1997,2025-08-23,EQUITY,71961796608.0,equity,PASS,
ELV,Elevance Health,Health Care,Managed Health Care,"Indianapolis, Indiana",2002-07-25,1156039,2014 (1946),2025-08-23,EQUITY,71199326208.0,equity,PASS,
DLR,Digital Realty,Real Estate,Data Center REITs,"Austin, Texas",2016-05-18,1297996,2004,2025-08-23,EQUITY,70982320128.0,equity,PASS,
KMI,Kinder Morgan,Energy,Oil & Gas Storage & Transportation,"Houston, Texas",2012-05-25,1506307,1997,2025-08-23,EQUITY,70815989760.0,equity,PASS,
WBD,Warner Bros. Discovery,Communication Services,Broadcasting,"New York City, New York",2022-04-11,1437107,2022 (Warner Bros. 1923),2025-08-23,EQUITY,68898529280.0,equity,PASS,
CL,Colgate-Palmolive,Consumer Staples,Household Products,"New York City, New York",1957-03-04,21665,1806,2025-08-23,EQUITY,68797390848.0,equity,PASS,
EOG,EOG Resources,Energy,Oil & Gas Exploration & Production,"Houston, Texas",2000-11-02,821189,1999,2025-08-23,EQUITY,68617261056.0,equity,PASS,
NSC,Norfolk Southern,Industrials,Rail Transportation,"Atlanta, Georgia",1957-03-04,702165,1881/1894 (1980),2025-08-23,EQUITY,68282249216.0,equity,PASS,
NKE,"Nike, Inc.",Consumer Discretionary,"Apparel, Accessories & Luxury Goods","Washington County, Oregon",1988-11-30,320187,1964,2025-08-23,EQUITY,68239278080.0,equity,PASS,
PCAR,Paccar,Industrials,Construction Machinery & Heavy Transportation Equipment,"Bellevue, Washington",1980-12-31,75362,1905,2025-08-23,EQUITY,66544054272.0,equity,PASS,
VLO,Valero Energy,Energy,Oil & Gas Refining & Marketing,"San Antonio, Texas",2002-12-20,1035002,1980,2025-08-23,EQUITY,66338971648.0,equity,PASS,
LHX,L3Harris,Industrials,Aerospace & Defense,"Melbourne, Florida",2008-09-22,202058,"2019 (L3 1997, Harris 1895)",2025-08-23,EQUITY,65632825344.0,equity,PASS,
APD,Air Products,Materials,Industrial Gases,"Upper Macungie Township, Pennsylvania",1985-04-30,2969,1940,2025-08-23,EQUITY,65556602880.0,equity,PASS,
TFC,Truist Financial,Financials,Diversified Banks,"Charlotte, North Carolina",1997-12-04,92230,1872,2025-08-23,EQUITY,64870580224.0,equity,PASS,
RSG,Republic Services,Industrials,Environmental & Facilities Services,"Phoenix, Arizona",2008-12-05,1060391,1998 (1981),2025-08-23,EQUITY,64207278080.0,equity,PASS,
TRV,Travelers Companies (The),Financials,Property & Casualty Insurance,"New York City, New York",2002-08-21,86312,1853,2025-08-23,EQUITY,64176164864.0,equity,PASS,
COR,Cencora,Health Care,Health Care Distributors,"Conshohocken, Pennsylvania",2001-08-30,1140859,1985,2025-08-23,EQUITY,63185510400.0,equity,PASS,
MPC,Marathon Petroleum,Energy,Oil & Gas Refining & Marketing,"Findlay, Ohio",2011-07-01,1510295,2009 (1887),2025-08-23,EQUITY,63039025152.0,equity,PASS,
PSX,Phillips 66,Energy,Oil & Gas Refining & Marketing,"Houston, Texas",2012-05-01,1534701,2012 (1917),2025-08-23,EQUITY,62498390016.0,equity,PASS,
SRE,Sempra,Utilities,Multi-Utilities,"San Diego, California",2017-03-17,1032208,1998,2025-08-23,EQUITY,61057196032.0,equity,PASS,
O,Realty Income,Real Estate,Retail REITs,"San Diego, California",2015-04-07,726728,1969,2025-08-23,EQUITY,60674560000.0,equity,PASS,
FTNT,Fortinet,Information Technology,Systems Software,"Sunnyvale, California",2018-10-11,1262039,2000,2025-08-23,EQUITY,60458594304.0,equity,PASS,
AFL,Aflac,Financials,Life & Health Insurance,"Columbus, Georgia",1999-05-28,4977,1955,2025-08-23,EQUITY,60304547840.0,equity,PASS,
BKR,Baker Hughes,Energy,Oil & Gas Equipment & Services,"Houston, Texas",2017-07-07,1701605,2017,2025-08-23,EQUITY,59634372608.0,equity,PASS,
AZO,AutoZone,Consumer Discretionary,Automotive Retail,"Memphis, Tennessee",1997-01-02,866787,1979,2025-08-23,EQUITY,59225989120.0,equity,PASS,
TER,Teradyne,Information Technology,Semiconductor Materials & Equipment,"North Reading, Massachusetts",2020-09-21,97210,1960,2025-08-23,EQUITY,58971238400.0,equity,PASS,
KEYS,Keysight Technologies,Information Technology,Electronic Equipment & Instruments,"Santa Rosa, California",2018-11-06,1601046,2014 (1939),2025-08-23,EQUITY,57732878336.0,equity,PASS,
BDX,Becton Dickinson,Health Care,Health Care Equipment,"Franklin Lakes, New Jersey",1972-09-30,10795,1897,2025-08-23,EQUITY,57604923392.0,equity,PASS,
TGT,Target Corporation,Consumer Staples,Consumer Staples Merchandise Retail,"Minneapolis, Minnesota",1976-12-31,27419,1902,2025-08-23,EQUITY,57571528704.0,equity,PASS,
AJG,Arthur J. Gallagher & Co.,Financials,Insurance Brokers,"Rolling Meadows, Illinois",2016-05-31,354190,1927,2025-08-23,EQUITY,57422000128.0,equity,PASS,
COIN,Coinbase,Financials,Financial Exchanges & Data,"New York City, New York",2025-05-19,1679788,2012,2025-08-23,EQUITY,56473042944.0,equity,PASS,
ALL,Allstate,Financials,Property & Casualty Insurance,"Northbrook, Illinois",1995-07-13,899051,1931,2025-08-23,EQUITY,56199888896.0,equity,PASS,
VST,Vistra Corp.,Utilities,Electric Utilities,"Irving, Texas",2024-05-08,1692819,2016,2025-08-23,EQUITY,55552548864.0,equity,PASS,
D,Dominion Energy,Utilities,Multi-Utilities,"Richmond, Virginia",2016-11-30,715957,1983,2025-08-23,EQUITY,55040770048.0,equity,PASS,
GWW,W. W. Grainger,Industrials,Industrial Machinery & Supplies & Components,"Lake Forest, Illinois",1981-06-30,277135,1927,2025-08-23,EQUITY,54999134208.0,equity,PASS,
NXPI,NXP Semiconductors,Information Technology,Semiconductors,"Eindhoven, Netherlands",2021-03-22,1413447,1953,2025-08-23,EQUITY,54469206016.0,equity,PASS,
PSA,Public Storage,Real Estate,Self-Storage REITs,"Glendale, California",2005-08-19,1393311,1972,2025-08-23,EQUITY,54326824960.0,equity,PASS,
AME,Ametek,Industrials,Electrical Components & Equipment,"Berwyn, Pennsylvania",2013-09-23,1037868,1930,2025-08-23,EQUITY,54203752448.0,equity,PASS,
CTVA,Corteva,Materials,Fertilizers & Agricultural Chemicals,"Indianapolis, Indiana",2019-06-03,1755672,2019,2025-08-23,EQUITY,53896077312.0,equity,PASS,
OXY,Occidental Petroleum,Energy,Oil & Gas Exploration & Production,"Houston, Texas",1957-03-04,797468,1920,2025-08-23,EQUITY,53011066880.0,equity,PASS,
ETR,Entergy,Utilities,Electric Utilities,"New Orleans, Louisiana",1957-03-04,65984,1913,2025-08-23,EQUITY,53008502784.0,equity,PASS,
OKE,Oneok,Energy,Oil & Gas Storage & Transportation,"Tulsa, Oklahoma",2010-03-15,1039684,1906,2025-08-23,EQUITY,52545937408.0,equity,PASS,
FAST,Fastenal,Industrials,Trading Companies & Distributors,"Winona, Minnesota",2008-09-15,815556,1967,2025-08-23,EQUITY,52432683008.0,equity,PASS,
GRMN,Garmin,Consumer Discretionary,Consumer Electronics,"Schaffhausen, Switzerland",2012-12-12,1121788,1989,2025-08-23,EQUITY,52137283584.0,equity,PASS,
F,Ford Motor Company,Consumer Discretionary,Automobile Manufacturers,"Dearborn, Michigan",1957-03-04,37996,1903,2025-08-23,EQUITY,51702849536.0,equity,PASS,
ADSK,Autodesk,Information Technology,Application Software,"San Francisco, California",1989-12-01,769397,1982,2025-08-23,EQUITY,51613519872.0,equity,PASS,
ZTS,Zoetis,Health Care,Pharmaceuticals,"Parsippany, New Jersey",2013-06-21,1555280,1952,2025-08-23,EQUITY,51529129984.0,equity,PASS,
MET,MetLife,Financials,Life & Health Insurance,"New York City, New York",2000-12-11,1099219,1868,2025-08-23,EQUITY,51373780992.0,equity,PASS,
CARR,Carrier Global,Industrials,Building Products,"Palm Beach Gardens, Florida",2020-04-03,1783180,"2020 (1915, United Technologies spinoff)",2025-08-23,EQUITY,51170365440.0,equity,PASS,
EA,Electronic Arts,Communication Services,Interactive Home Entertainment,"Redwood City, California",2002-07-22,712515,1982,2025-08-23,EQUITY,50955411456.0,equity,PASS,
NDAQ,"Nasdaq, Inc.",Financials,Financial Exchanges & Data,"New York City, New York",2008-10-22,1120193,1971,2025-08-23,EQUITY,50835726336.0,equity,PASS,
TRGP,Targa Resources,Energy,Oil & Gas Storage & Transportation,"Houston, Texas",2022-10-12,1389170,2005,2025-08-23,EQUITY,50582458368.0,equity,PASS,
XEL,Xcel Energy,Utilities,Multi-Utilities,"Minneapolis, Minnesota",1957-03-04,72903,1909,2025-08-23,EQUITY,50507202560.0,equity,PASS,
CAH,Cardinal Health,Health Care,Health Care Distributors,"Dublin, Ohio",1997-05-27,721371,1971,2025-08-23,EQUITY,50364665856.0,equity,PASS,
URI,United Rentals,Industrials,Trading Companies & Distributors,"Stamford, Connecticut",2014-09-20,1067701,1997,2025-08-23,EQUITY,50356310016.0,equity,PASS,
FANG,Diamondback Energy,Energy,Oil & Gas Exploration & Production,"Midland, Texas",2018-12-03,1539838,2007,2025-08-23,EQUITY,50222583808.0,equity,PASS,
EXC,Exelon,Utilities,Electric Utilities,"Chicago, Illinois",1957-03-04,1109357,2000,2025-08-23,EQUITY,47838552064.0,equity,PASS,
DAL,Delta Air Lines,Industrials,Passenger Airlines,"Atlanta, Georgia",2013-09-11,27904,1929,2025-08-23,EQUITY,47408697344.0,equity,PASS,
CMG,Chipotle Mexican Grill,Consumer Discretionary,Restaurants,"Newport Beach, California",2011-04-28,1058090,1993,2025-08-23,EQUITY,47397056512.0,equity,PASS,
EBAY,eBay Inc.,Consumer Discretionary,Broadline Retail,"San Jose, California",2002-07-22,1065088,1995,2025-08-23,EQUITY,47247560704.0,equity,PASS,
EW,Edwards Lifesciences,Health Care,Health Care Equipment,"Irvine, California",2011-04-01,1099800,1958,2025-08-23,EQUITY,47036088320.0,equity,PASS,
ROK,Rockwell Automation,Industrials,Electrical Components & Equipment,"Milwaukee, Wisconsin",2000-03-12,1024478,1903,2025-08-23,EQUITY,46836293632.0,equity,PASS,
PYPL,PayPal,Financials,Transaction & Payment Processing Services,"San Jose, California",2015-07-20,1633917,1998,2025-08-23,EQUITY,46834204672.0,equity,PASS,
IDXX,Idexx Laboratories,Health Care,Health Care Equipment,"Westbrook, Maine",2017-01-05,874716,1983,2025-08-23,EQUITY,46740103168.0,equity,PASS,
FITB,Fifth Third Bancorp,Financials,Regional Banks,"Cincinnati, Ohio",1996-03-29,35527,1858,2025-08-23,EQUITY,45735485440.0,equity,PASS,
ODFL,Old Dominion,Industrials,Cargo Ground Transportation,"Thomasville, North Carolina",2019-12-09,878927,1934,2025-08-23,EQUITY,45566730240.0,equity,PASS,
WAB,Wabtec,Industrials,Construction Machinery & Heavy Transportation Equipment,"Pittsburgh, Pennsylvania",2019-02-27,943452,1999 (1869),2025-08-23,EQUITY,45110317056.0,equity,PASS,
YUM,Yum! Brands,Consumer Discretionary,Restaurants,"Louisville, Kentucky",1997-10-06,1041061,1997,2025-08-23,EQUITY,44885344256.0,equity,PASS,
CBRE,CBRE Group,Real Estate,Real Estate Services,"Dallas, Texas",2006-11-10,1138118,1906,2025-08-23,EQUITY,44778508288.0,equity,PASS,
NUE,Nucor,Materials,Steel,"Charlotte, North Carolina",1985-04-30,73309,1940,2025-08-23,EQUITY,44695072768.0,equity,PASS,
DDOG,Datadog,Information Technology,Application Software,"New York City, New York",2025-07-09,1561550,2010,2025-08-23,EQUITY,44282724352.0,equity,PASS,
DHI,D. R. Horton,Consumer Discretionary,Homebuilding,"Arlington, Texas",2005-06-22,882184,1978,2025-08-23,EQUITY,44041908224.0,equity,PASS,
XYZ,"Block, Inc.",Financials,Transaction & Payment Processing Services,none,2025-07-23,1512673,2009,2025-08-23,EQUITY,43217137664.0,equity,PASS,
MCHP,Microchip Technology,Information Technology,Semiconductors,"Chandler, Arizona",2007-09-07,827054,1989,2025-08-23,EQUITY,42906632192.0,equity,PASS,
KR,Kroger,Consumer Staples,Food Retail,"Cincinnati, Ohio",1957-03-04,56873,1883,2025-08-23,EQUITY,42692001792.0,equity,PASS,
AMP,Ameriprise Financial,Financials,Asset Management & Custody Banks,"Minneapolis, Minnesota",2005-10-03,820027,1894,2025-08-23,EQUITY,42609811456.0,equity,PASS,
AIG,American International Group,Financials,Multi-line Insurance,"New York City, New York",1980-03-31,5272,1919,2025-08-23,EQUITY,42356019200.0,equity,PASS,
MSCI,MSCI Inc.,Financials,Financial Exchanges & Data,"New York City, New York",2018-04-04,1408198,1969,2025-08-23,EQUITY,41830240256.0,equity,PASS,
STT,State Street Corporation,Financials,Asset Management & Custody Banks,"Boston, Massachusetts",2003-03-14,93751,1792,2025-08-23,EQUITY,41130532864.0,equity,PASS,
PEG,Public Service Enterprise Group,Utilities,Electric Utilities,"Newark, New Jersey",1957-03-04,788784,1903,2025-08-23,EQUITY,40915652608.0,equity,PASS,
CCL,Carnival,Consumer Discretionary,"Hotels, Resorts & Cruise Lines","Miami, Florida",1998-12-22,815097,1972,2025-08-23,EQUITY,40778510336.0,equity,PASS,
VTR,Ventas,Real Estate,Health Care REITs,"Chicago, Illinois",2009-03-04,740260,1998,2025-08-23,EQUITY,40395350016.0,equity,PASS,
ED,Consolidated Edison,Utilities,Multi-Utilities,"New York City, New York",1957-03-04,1047862,1823,2025-08-23,EQUITY,40375283712.0,equity,PASS,
TTWO,Take-Two Interactive,Communication Services,Interactive Home Entertainment,"New York City, New York",2018-03-19,946581,1993,2025-08-23,EQUITY,39751614464.0,equity,PASS,
HSY,Hershey Company (The),Consumer Staples,Packaged Foods & Meats,"Hershey, Pennsylvania",1957-03-04,47111,1894,2025-08-23,EQUITY,39298736128.0,equity,PASS,
LVS,Las Vegas Sands,Consumer Discretionary,Casinos & Gaming,"Las Vegas, Nevada",2019-10-03,1300514,1988,2025-08-23,EQUITY,38823002112.0,equity,PASS,
HIG,Hartford (The),Financials,Property & Casualty Insurance,"Hartford, Connecticut",1957-03-04,874766,1810,2025-08-23,EQUITY,38553268224.0,equity,PASS,
CCI,Crown Castle,Real Estate,Telecom Tower REITs,"Houston, Texas",2012-03-14,1051470,1994,2025-08-23,EQUITY,38553055232.0,equity,PASS,
VMC,Vulcan Materials Company,Materials,Construction Materials,"Birmingham, Alabama",1999-06-30,1396009,1909,2025-08-23,EQUITY,38414135296.0,equity,PASS,
MLM,Martin Marietta Materials,Materials,Construction Materials,"Raleigh, North Carolina",2014-07-02,916076,1993,2025-08-23,EQUITY,37825904640.0,equity,PASS,
PCG,PG&E Corporation,Utilities,Multi-Utilities,"Oakland, California",2022-10-03,1004980,1905,2025-08-23,EQUITY,37779091456.0,equity,PASS,
WEC,WEC Energy Group,Utilities,Electric Utilities,"Milwaukee, Wisconsin",2008-10-31,783325,1896,2025-08-23,EQUITY,37684322304.0,equity,PASS,
ROP,Roper Technologies,Information Technology,Electronic Equipment & Instruments,"Sarasota, Florida",2009-12-23,882835,1981,2025-08-23,EQUITY,37056475136.0,equity,PASS,
LYV,Live Nation Entertainment,Communication Services,Movies & Entertainment,"Beverly Hills, California",2019-12-23,1335258,2010,2025-08-23,EQUITY,36865077248.0,equity,PASS,
SYY,Sysco,Consumer Staples,Food Distributors,"Houston, Texas",1986-12-31,96021,1969,2025-08-23,EQUITY,36513673216.0,equity,PASS,
EQT,EQT Corporation,Energy,Oil & Gas Exploration & Production,"Pittsburgh, Pennsylvania",2022-10-03,33213,1888,2025-08-23,EQUITY,36363960320.0,equity,PASS,
KDP,Keurig Dr Pepper,Consumer Staples,Soft Drinks & Non-alcoholic Beverages,"Burlington, Massachusetts",2022-06-21,1418135,1981,2025-08-23,EQUITY,35821232128.0,equity,PASS,
NRG,NRG Energy,Utilities,Independent Power Producers & Energy Traders,"Houston, Texas",2010-01-29,1013871,1992,2025-08-23,EQUITY,35712118784.0,equity,PASS,
PRU,Prudential Financial,Financials,Life & Health Insurance,"Newark, New Jersey",2002-07-22,1137774,1875,2025-08-23,EQUITY,35370721280.0,equity,PASS,
HPE,Hewlett Packard Enterprise,Information Technology,"Technology Hardware, Storage & Peripherals","Houston, Texas",2015-11-02,1645590,2015,2025-08-23,EQUITY,35040546816.0,equity,PASS,
IRM,Iron Mountain,Real Estate,Other Specialized REITs,"Boston, Massachusetts",2009-01-06,1020569,1951,2025-08-23,EQUITY,34995408896.0,equity,PASS,
ACGL,Arch Capital Group,Financials,Property & Casualty Insurance,"Hamilton, Bermuda",2022-11-01,947484,1995,2025-08-23,EQUITY,34968178688.0,equity,PASS,
HBAN,Huntington Bancshares,Financials,Regional Banks,"Columbus, Ohio; Detroit, Michigan",1997-08-28,49196,1866,2025-08-23,EQUITY,34468065280.0,equity,PASS,
A,Agilent Technologies,Health Care,Life Sciences Tools & Services,"Santa Clara, California",2000-06-05,1090872,1999,2025-08-23,EQUITY,34232082432.0,equity,PASS,
GEHC,GE HealthCare,Health Care,Health Care Equipment,"Chicago, Illinois",2023-01-04,1932393,1994,2025-08-23,EQUITY,34020993024.0,equity,PASS,
JBL,Jabil,Information Technology,Electronic Manufacturing Services,"St. Petersburg, Florida",2023-12-18,898293,1966,2025-08-23,EQUITY,33941749760.0,equity,PASS,
IR,Ingersoll Rand,Industrials,Industrial Machinery & Supplies & Components,"Davidson, North Carolina",2020-03-03,1699150,1859,2025-08-23,EQUITY,33916274688.0,equity,PASS,
KVUE,Kenvue,Consumer Staples,Personal Care Products,"Skillman, New Jersey",2023-08-25,1944048,2022 (Johnson & Johnson spinoff),2025-08-23,EQUITY,33843515392.0,equity,PASS,
RMD,ResMed,Health Care,Health Care Equipment,"San Diego, California",2017-07-26,943819,1989,2025-08-23,EQUITY,33229955072.0,equity,PASS,
UAL,United Airlines Holdings,Industrials,Passenger Airlines,"Chicago, Illinois",2015-09-03,100517,1967,2025-08-23,EQUITY,33192120320.0,equity,PASS,
PAYX,Paychex,Industrials,Human Resource & Employment Services,"Penfield, New York",1998-10-01,723531,1971,2025-08-23,EQUITY,32833775616.0,equity,PASS,
KMB,Kimberly-Clark,Consumer Staples,Household Products,"Irving, Texas",1957-03-04,55785,1872,2025-08-23,EQUITY,32800903168.0,equity,PASS,
ON,ON Semiconductor,Information Technology,Semiconductors,"Phoenix, Arizona",2022-06-21,1097864,1999,2025-08-23,EQUITY,32577617920.0,equity,PASS,
EXPE,Expedia Group,Consumer Discretionary,"Hotels, Resorts & Cruise Lines","Seattle, Washington",2007-10-02,1324424,1996,2025-08-23,EQUITY,32569767936.0,equity,PASS,
MTB,M&T Bank,Financials,Regional Banks,"Buffalo, New York",2004-02-23,36270,1856,2025-08-23,EQUITY,32463108096.0,equity,PASS,
AXON,Axon Enterprise,Industrials,Aerospace & Defense,"Scottsdale, Arizona",2023-05-04,1069183,1993,2025-08-23,EQUITY,32415940608.0,equity,PASS,
WDAY,"Workday, Inc.",Information Technology,Application Software,"Pleasanton, California",2024-12-23,1327811,2005,2025-08-23,EQUITY,32380561408.0,equity,PASS,
CPRT,Copart,Industrials,Diversified Support Services,"Dallas, Texas",2018-07-02,900075,1982,2025-08-23,EQUITY,32191428608.0,equity,PASS,
ADM,Archer Daniels Midland,Consumer Staples,Agricultural Products & Services,"Chicago, Illinois",1957-03-04,7084,1902,2025-08-23,EQUITY,32127944704.0,equity,PASS,
WAT,Waters Corporation,Health Care,Life Sciences Tools & Services,"Milford, Massachusetts",2002-01-02,1000697,1958,2025-08-23,EQUITY,32078518272.0,equity,PASS,
TPR,"Tapestry, Inc.",Consumer Discretionary,"Apparel, Accessories & Luxury Goods","New York City, New York",2004-09-01,1116132,2017,2025-08-23,EQUITY,32037920768.0,equity,PASS,
OTIS,Otis Worldwide,Industrials,Industrial Machinery & Supplies & Components,"Farmington, Connecticut",2020-04-03,1781335,"2020 (1853, United Technologies spinoff)",2025-08-23,EQUITY,32003465216.0,equity,PASS,
EXR,Extra Space Storage,Real Estate,Self-Storage REITs,"Salt Lake City, Utah",2016-01-19,1289490,1977,2025-08-23,EQUITY,31991394304.0,equity,PASS,
CBOE,Cboe Global Markets,Financials,Financial Exchanges & Data,"Chicago, Illinois",2017-03-01,1374310,1973,2025-08-23,EQUITY,31483430912.0,equity,PASS,
HAL,Halliburton,Energy,Oil & Gas Equipment & Services,"Houston, Texas",1957-03-04,45012,1919,2025-08-23,EQUITY,31190302720.0,equity,PASS,
AEE,Ameren,Utilities,Multi-Utilities,"St. Louis, Missouri",1991-09-19,1002910,1902,2025-08-23,EQUITY,31131785216.0,equity,PASS,
ATO,Atmos Energy,Utilities,Gas Utilities,"Dallas, Texas",2019-02-15,731802,1906,2025-08-23,EQUITY,30736900096.0,equity,PASS,
VICI,Vici Properties,Real Estate,Hotel & Resort REITs,"New York City, New York",2022-06-08,1705696,2017,2025-08-23,EQUITY,30626320384.0,equity,PASS,
DTE,DTE Energy,Utilities,Multi-Utilities,"Detroit, Michigan",1957-03-04,936340,1995,2025-08-23,EQUITY,30523963392.0,equity,PASS,
NTRS,Northern Trust,Financials,Asset Management & Custody Banks,"Chicago, Illinois",1998-01-30,73124,1889,2025-08-23,EQUITY,30245539840.0,equity,PASS,
CHTR,Charter Communications,Communication Services,Cable & Satellite,"Stamford, Connecticut",2016-09-08,1091667,1993,2025-08-23,EQUITY,30061064192.0,equity,PASS,
RJF,Raymond James Financial,Financials,Investment Banking & Brokerage,"St. Petersburg, Florida",2017-03-20,720005,1962,2025-08-23,EQUITY,29874728960.0,equity,PASS,
IQV,IQVIA,Health Care,Life Sciences Tools & Services,"Durham, North Carolina",2017-08-29,1478242,1982,2025-08-23,EQUITY,29829865472.0,equity,PASS,
DOV,Dover Corporation,Industrials,Industrial Machinery & Supplies & Components,"Downers Grove, Illinois",1985-10-31,29905,1955,2025-08-23,EQUITY,29748879360.0,equity,PASS,
XYL,Xylem Inc.,Industrials,Industrial Machinery & Supplies & Components,"White Plains, New York",2011-11-01,1524472,2011,2025-08-23,EQUITY,29610977280.0,equity,PASS,
PPL,PPL Corporation,Utilities,Electric Utilities,"Allentown, Pennsylvania",2001-10-01,922224,1920,2025-08-23,EQUITY,29526243328.0,equity,PASS,
TDY,Teledyne Technologies,Information Technology,Electronic Equipment & Instruments,"Thousand Oaks, California",2020-06-22,1094285,1960,2025-08-23,EQUITY,29487435776.0,equity,PASS,
CTSH,Cognizant,Information Technology,IT Consulting & Other Services,"Teaneck, New Jersey",2006-11-17,1058290,1994,2025-08-23,EQUITY,29441433600.0,equity,PASS,
STLD,Steel Dynamics,Materials,Steel,"Fort Wayne, Indiana",2022-12-22,1022671,1993,2025-08-23,EQUITY,29168449536.0,equity,PASS,
TPL,Texas Pacific Land Corporation,Energy,Oil & Gas Exploration & Production,"Dallas, Texas",2024-11-26,1811074,1888,2025-08-23,EQUITY,29103675392.0,equity,PASS,
FE,FirstEnergy,Utilities,Electric Utilities,"Akron, Ohio",1997-11-28,1031296,1997,2025-08-23,EQUITY,28972566528.0,equity,PASS,
HUBB,Hubbell Incorporated,Industrials,Industrial Machinery & Supplies & Components,"Shelton, Connecticut",2023-10-18,48898,1888,2025-08-23,EQUITY,28527044608.0,equity,PASS,
STZ,Constellation Brands,Consumer Staples,Distillers & Vintners,"Rochester, New York",2005-07-01,16918,1945,2025-08-23,EQUITY,28401674240.0,equity,PASS,
SYF,Synchrony Financial,Financials,Consumer Finance,"Stamford, Connecticut",2015-11-18,1601712,2003,2025-08-23,EQUITY,28140167168.0,equity,PASS,
CNP,CenterPoint Energy,Utilities,Multi-Utilities,"Houston, Texas",1985-07-31,1130310,1882,2025-08-23,EQUITY,28106125312.0,equity,PASS,
WTW,Willis Towers Watson,Financials,Insurance Brokers,"London, United Kingdom",2016-01-05,1140536,2016,2025-08-23,EQUITY,28001660928.0,equity,PASS,
DG,Dollar General,Consumer Staples,Consumer Staples Merchandise Retail,"Goodlettsville, Tennessee",2012-12-03,29534,1939,2025-08-23,EQUITY,27842113536.0,equity,PASS,
EL,Estée Lauder Companies (The),Consumer Staples,Personal Care Products,"New York City, New York",2006-01-05,1001250,1946,2025-08-23,EQUITY,27641372672.0,equity,PASS,
CFG,Citizens Financial Group,Financials,Regional Banks,"Providence, Rhode Island",2016-01-29,759944,1828,2025-08-23,EQUITY,27635724288.0,equity,PASS,
FOXA,Fox Corporation (Class A),Communication Services,Broadcasting,"New York City, New York",2019-03-19,1754301,2019,2025-08-23,EQUITY,27591188480.0,equity,PASS,
DVN,Devon Energy,Energy,Oil & Gas Exploration & Production,"Oklahoma City, Oklahoma",2000-08-30,1090012,1971,2025-08-23,EQUITY,27281883136.0,equity,PASS,
EIX,Edison International,Utilities,Electric Utilities,"Rosemead, California",1957-03-04,827052,1886,2025-08-23,EQUITY,27212849152.0,equity,PASS,
FOX,Fox Corporation (Class B),Communication Services,Broadcasting,"New York City, New York",2019-03-19,1754301,2019,2025-08-23,EQUITY,27170897920.0,equity,PASS,
MTD,Mettler Toledo,Health Care,Life Sciences Tools & Services,"Columbus, Ohio",2016-09-06,1037646,1945,2025-08-23,EQUITY,26998435840.0,equity,PASS,
ROL,"Rollins, Inc.",Industrials,Environmental & Facilities Services,"Atlanta, Georgia",2018-10-01,84839,1948,2025-08-23,EQUITY,26750380032.0,equity,PASS,
KHC,Kraft Heinz,Consumer Staples,Packaged Foods & Meats,"Chicago, Illinois; Pittsburgh, Pennsylvania",2015-07-06,1637459,2015 (1869),2025-08-23,EQUITY,26628339712.0,equity,PASS,
ES,Eversource Energy,Utilities,Electric Utilities,"Hartford, Connecticut",2009-07-24,72741,1966,2025-08-23,EQUITY,25982187520.0,equity,PASS,
BIIB,Biogen,Health Care,Biotechnology,"Cambridge, Massachusetts",2003-11-13,875045,1978,2025-08-23,EQUITY,25935167488.0,equity,PASS,
PPG,PPG Industries,Materials,Specialty Chemicals,"Pittsburgh, Pennsylvania",1957-03-04,79879,1883,2025-08-23,EQUITY,25904695296.0,equity,PASS,
CINF,Cincinnati Financial,Financials,Property & Casualty Insurance,"Fairfield, Ohio",1997-12-18,20286,1950,2025-08-23,EQUITY,25835347968.0,equity,PASS,
DOW,Dow Inc.,Materials,Commodity Chemicals,"Midland, Michigan",2019-04-01,1751788,2019 (1897),2025-08-23,EQUITY,25801953280.0,equity,PASS,
FICO,Fair Isaac,Information Technology,Application Software,"Bozeman, Montana",2023-03-20,814547,1956,2025-08-23,EQUITY,25543995392.0,equity,PASS,
AWK,American Water Works,Utilities,Water Utilities,"Camden, New Jersey",2016-03-04,1410636,1886,2025-08-23,EQUITY,25501628416.0,equity,PASS,
WRB,W. R. Berkley Corporation,Financials,Property & Casualty Insurance,"Greenwich, Connecticut",2019-12-05,11544,1967,2025-08-23,EQUITY,25336010752.0,equity,PASS,
VRSN,Verisign,Information Technology,Internet Services & Infrastructure,"Dulles, Virginia",2006-02-01,1014473,1995,2025-08-23,EQUITY,25145516032.0,equity,PASS,
FIS,Fidelity National Information Services,Financials,Transaction & Payment Processing Services,"Jacksonville, Florida",2006-11-10,1136893,1968,2025-08-23,EQUITY,25057503232.0,equity,PASS,
VRSK,Verisk Analytics,Industrials,Research & Consulting Services,"Jersey City, New Jersey",2015-10-08,1442145,1971,2025-08-23,EQUITY,24637800448.0,equity,PASS,
PHM,PulteGroup,Consumer Discretionary,Homebuilding,"Atlanta, Georgia",1984-04-30,822416,1956,2025-08-23,EQUITY,24608434176.0,equity,PASS,
HUM,Humana,Health Care,Managed Health Care,"Louisville, Kentucky",2012-12-10,49071,1961,2025-08-23,EQUITY,24521984000.0,equity,PASS,
OMC,Omnicom Group,Communication Services,Advertising,"New York City, New York",1997-12-31,29989,1986,2025-08-23,EQUITY,24482435072.0,equity,PASS,
ULTA,Ulta Beauty,Consumer Discretionary,Other Specialty Retail,"Bolingbrook, Illinois",2016-04-18,1403568,1990,2025-08-23,EQUITY,24392097792.0,equity,PASS,
EQR,Equity Residential,Real Estate,Multi-Family Residential REITs,"Chicago, Illinois",2001-12-03,906107,1969,2025-08-23,EQUITY,24380172288.0,equity,PASS,
AVB,AvalonBay Communities,Real Estate,Multi-Family Residential REITs,"Arlington, Virginia",2007-01-10,915912,1978,2025-08-23,EQUITY,24359114752.0,equity,PASS,
RF,Regions Financial Corporation,Financials,Regional Banks,"Birmingham, Alabama",1998-08-28,1281761,1971,2025-08-23,EQUITY,24324982784.0,equity,PASS,
DXCM,Dexcom,Health Care,Health Care Equipment,"San Diego, California",2020-05-12,1093557,1999,2025-08-23,EQUITY,24256555008.0,equity,PASS,
CMS,CMS Energy,Utilities,Multi-Utilities,"Jackson, Michigan",1957-03-04,811156,1886,2025-08-23,EQUITY,23898998784.0,equity,PASS,
WSM,"Williams-Sonoma, Inc.",Consumer Discretionary,Homefurnishing Retail,"San Francisco, California",2025-03-24,719955,1956,2025-08-23,EQUITY,23803805696.0,equity,PASS,
KEY,KeyCorp,Financials,Regional Banks,"Cleveland, Ohio",1994-03-01,91576,1825,2025-08-23,EQUITY,23751915520.0,equity,PASS,
ALB,Albemarle Corporation,Materials,Specialty Chemicals,"Charlotte, North Carolina",2016-07-01,915913,1994,2025-08-23,EQUITY,23709411328.0,equity,PASS,
SBAC,SBA Communications,Real Estate,Telecom Tower REITs,"Boca Raton, Florida",2017-09-01,1034054,1989,2025-08-23,EQUITY,23694342144.0,equity,PASS,
TSCO,Tractor Supply,Consumer Discretionary,Other Specialty Retail,"Brentwood, Tennessee",2014-01-24,916365,1938,2025-08-23,EQUITY,23614752768.0,equity,PASS,
EFX,Equifax,Industrials,Research & Consulting Services,"Atlanta, Georgia",1997-06-19,33185,1899,2025-08-23,EQUITY,23530985472.0,equity,PASS,
RL,Ralph Lauren Corporation,Consumer Discretionary,"Apparel, Accessories & Luxury Goods","New York City, New York",2007-02-02,1037038,1967,2025-08-23,EQUITY,23506139136.0,equity,PASS,
CTRA,Coterra,Energy,Oil & Gas Exploration & Production,"Houston, Texas",2008-06-23,858470,2021 (1989),2025-08-23,EQUITY,23304531968.0,equity,PASS,
DRI,Darden Restaurants,Consumer Discretionary,Restaurants,"Orlando, Florida",1995-05-31,940944,1938,2025-08-23,EQUITY,23290365952.0,equity,PASS,
BRO,Brown & Brown,Financials,Insurance Brokers,"Daytona Beach, Florida",2021-09-20,79282,1939,2025-08-23,EQUITY,23283027968.0,equity,PASS,
NI,NiSource,Utilities,Multi-Utilities,"Merrillville, Indiana",2000-11-02,1111711,1912,2025-08-23,EQUITY,23211251712.0,equity,PASS,
JBHT,J.B. Hunt,Industrials,Cargo Ground Transportation,"Lowell, Arkansas",2015-07-01,728535,1961,2025-08-23,EQUITY,23187460096.0,equity,PASS,
BG,Bunge Global,Consumer Staples,Agricultural Products & Services,"Chesterfield, Missouri",2023-03-15,1996862,1818,2025-08-23,EQUITY,23123519488.0,equity,PASS,
EXE,Expand Energy,Energy,Oil & Gas Exploration & Production,"Oklahoma City, Oklahoma",2025-03-24,895126,1989,2025-08-23,EQUITY,23092656128.0,equity,PASS,
L,Loews Corporation,Financials,Multi-line Insurance,"New York City, New York",1995-05-31,60086,1959,2025-08-23,EQUITY,22985199616.0,equity,PASS,
LEN,Lennar,Consumer Discretionary,Homebuilding,"Miami, Florida",2005-10-04,920760,1954,2025-08-23,EQUITY,22975938560.0,equity,PASS,
CHD,Church & Dwight,Consumer Staples,Household Products,"Ewing, New Jersey",2015-12-29,313927,1847,2025-08-23,EQUITY,22927140864.0,equity,PASS,
VLTO,Veralto,Industrials,Environmental & Facilities Services,"Waltham, Massachusetts",2023-10-02,1967680,2023,2025-08-23,EQUITY,22832570368.0,equity,PASS,
CPAY,Corpay,Financials,Transaction & Payment Processing Services,"Atlanta, Georgia",2018-06-20,1175454,2000,2025-08-23,EQUITY,22714849280.0,equity,PASS,
TSN,Tyson Foods,Consumer Staples,Packaged Foods & Meats,"Springdale, Arkansas",2005-08-10,100493,1935,2025-08-23,EQUITY,22698532864.0,equity,PASS,
LH,Labcorp,Health Care,Health Care Services,"Burlington, North Carolina",2004-11-01,920148,1978,2025-08-23,EQUITY,22403737600.0,equity,PASS,
SW,Smurfit Westrock,Materials,Paper & Plastic Packaging Products & Materials,"Dublin, Ireland",2024-07-08,2005951,1934,2025-08-23,EQUITY,22265065472.0,equity,PASS,
STE,Steris,Health Care,Health Care Equipment,"Dublin, Ireland",2019-12-23,1757898,1985,2025-08-23,EQUITY,22154723328.0,equity,PASS,
CHRW,C.H. Robinson,Industrials,Air Freight & Logistics,"Eden Prairie, Minnesota",2007-03-02,1043277,1905,2025-08-23,EQUITY,21825638400.0,equity,PASS,
DGX,Quest Diagnostics,Health Care,Health Care Services,"Secaucus, New Jersey",2002-12-12,1022079,1967,2025-08-23,EQUITY,21693071360.0,equity,PASS,
MRNA,Moderna,Health Care,Biotechnology,"Cambridge, Massachusetts",2021-07-21,1682852,2010,2025-08-23,EQUITY,21631827968.0,equity,PASS,
LYB,LyondellBasell,Materials,Specialty Chemicals,"Rotterdam, Netherlands",2012-09-05,1489393,2007,2025-08-23,EQUITY,21609402368.0,equity,PASS,
LUV,Southwest Airlines,Industrials,Passenger Airlines,"Dallas, Texas",1994-07-01,92380,1967,2025-08-23,EQUITY,21220022272.0,equity,PASS,
TROW,T. Rowe Price,Financials,Asset Management & Custody Banks,"Baltimore, Maryland",2019-07-29,1113169,1937,2025-08-23,EQUITY,21187526656.0,equity,PASS,
DLTR,Dollar Tree,Consumer Staples,Consumer Staples Merchandise Retail,"Chesapeake, Virginia",2011-12-19,935703,1986,2025-08-23,EQUITY,20986966016.0,equity,PASS,
PFG,Principal Financial Group,Financials,Life & Health Insurance,"Des Moines, Iowa",2002-07-22,1126328,1879,2025-08-23,EQUITY,20761964544.0,equity,PASS,
NTAP,NetApp,Information Technology,"Technology Hardware, Storage & Peripherals","San Jose, California",1999-06-25,1002047,1992,2025-08-23,EQUITY,20695326720.0,equity,PASS,
FSLR,First Solar,Information Technology,Semiconductors,"Tempe, Arizona",2022-12-19,1274494,1999,2025-08-23,EQUITY,20422090752.0,equity,PASS,
GPN,Global Payments,Financials,Transaction & Payment Processing Services,"Atlanta, Georgia",2016-04-25,1123360,2000,2025-08-23,EQUITY,20214472704.0,equity,PASS,
WST,West Pharmaceutical Services,Health Care,Health Care Supplies,"Exton, Pennsylvania",2020-05-22,105770,1923,2025-08-23,EQUITY,19743873024.0,equity,PASS,
SNA,Snap-on,Industrials,Industrial Machinery & Supplies & Components,"Kenosha, Wisconsin",1982-09-30,91440,1920,2025-08-23,EQUITY,19736500224.0,equity,PASS,
EXPD,Expeditors International,Industrials,Air Freight & Logistics,"Seattle, Washington",2007-10-10,746515,1979,2025-08-23,EQUITY,19655745536.0,equity,PASS,
IP,International Paper,Materials,Paper & Plastic Packaging Products & Materials,"Memphis, Tennessee",1957-03-04,51434,1898,2025-08-23,EQUITY,19654526976.0,equity,PASS,
NVR,"NVR, Inc.",Consumer Discretionary,Homebuilding,"Reston, Virginia",2019-09-26,906163,1980,2025-08-23,EQUITY,19591661568.0,equity,PASS,
DD,DuPont,Materials,Specialty Chemicals,"Wilmington, Delaware",2019-06-03,1666700,2017 (1802),2025-08-23,EQUITY,19575734272.0,equity,PASS,
LDOS,Leidos,Industrials,Diversified Support Services,"Reston, Virginia",2019-08-09,1336920,1969,2025-08-23,EQUITY,19566852096.0,equity,PASS,
LULU,Lululemon Athletica,Consumer Discretionary,"Apparel, Accessories & Luxury Goods","Vancouver, Canada",2023-10-18,1397187,1998,2025-08-23,EQUITY,19555764224.0,equity,PASS,
INCY,Incyte,Health Care,Biotechnology,"Wilmington, Delaware",2017-02-28,879169,1991,2025-08-23,EQUITY,19350177792.0,equity,PASS,
IFF,International Flavors & Fragrances,Materials,Specialty Chemicals,"New York City, New York",1976-03-31,51253,1958 (1889),2025-08-23,EQUITY,19283441664.0,equity,PASS,
AMCR,Amcor,Materials,Paper & Plastic Packaging Products & Materials,"Warmley, Bristol, United Kingdom",2019-06-07,1748790,2019 (1860),2025-08-23,EQUITY,19281166336.0,equity,PASS,
FTV,Fortive,Industrials,Industrial Machinery & Supplies & Components,"Everett, Washington",2016-07-01,1659166,2016,2025-08-23,EQUITY,19253618688.0,equity,PASS,
PKG,Packaging Corporation of America,Materials,Paper & Plastic Packaging Products & Materials,"Lake Forest, Illinois",2017-07-26,75677,1959,2025-08-23,EQUITY,19092113408.0,equity,PASS,
EVRG,Evergy,Utilities,Electric Utilities,"Kansas City, Missouri",2018-06-05,1711269,1909,2025-08-23,EQUITY,18915538944.0,equity,PASS,
GIS,General Mills,Consumer Staples,Packaged Foods & Meats,"Golden Valley, Minnesota",1957-03-04,40704,1856,2025-08-23,EQUITY,18873636864.0,equity,PASS,
CNC,Centene Corporation,Health Care,Managed Health Care,"St. Louis, Missouri",2016-03-30,1071739,1984,2025-08-23,EQUITY,18849640448.0,equity,PASS,
BR,Broadridge Financial Solutions,Industrials,Data Processing & Outsourced Services,"Lake Success, New York",2018-06-18,1383312,1962,2025-08-23,EQUITY,18815805440.0,equity,PASS,
LNT,Alliant Energy,Utilities,Electric Utilities,"Madison, Wisconsin",2016-07-01,352541,1917,2025-08-23,EQUITY,18761203712.0,equity,PASS,
ZBH,Zimmer Biomet,Health Care,Health Care Equipment,"Warsaw, Indiana",2001-08-07,1136869,1927,2025-08-23,EQUITY,18667157504.0,equity,PASS,
HPQ,HP Inc.,Information Technology,"Technology Hardware, Storage & Peripherals","Palo Alto, California",1974-12-31,47217,1939 (2015),2025-08-23,EQUITY,18107244544.0,equity,PASS,
WY,Weyerhaeuser,Real Estate,Timber REITs,"Seattle, Washington",1979-10-01,106535,1900,2025-08-23,EQUITY,18062116864.0,equity,PASS,
FFIV,"F5, Inc.",Information Technology,Communications Equipment,"Seattle, Washington",2010-12-20,1048695,1996,2025-08-23,EQUITY,17745229824.0,equity,PASS,
ESS,Essex Property Trust,Real Estate,Multi-Family Residential REITs,"San Mateo, California",2014-04-02,920522,1971,2025-08-23,EQUITY,17599295488.0,equity,PASS,
CF,CF Industries,Materials,Fertilizers & Agricultural Chemicals,"Deerfield, Illinois",2008-08-27,1324404,1946,2025-08-23,EQUITY,17518245888.0,equity,PASS,
BALL,Ball Corporation,Materials,"Metal, Glass & Plastic Containers","Broomfield, Colorado",1984-10-31,9389,1880,2025-08-23,EQUITY,17310595072.0,equity,PASS,
CDW,CDW Corporation,Information Technology,Technology Distributors,"Vernon Hills, Illinois",2019-09-23,1402057,1984,2025-08-23,EQUITY,17286428672.0,equity,PASS,
SMCI,Supermicro,Information Technology,"Technology Hardware, Storage & Peripherals","San Jose, California",2024-03-18,1375365,1993,2025-08-23,EQUITY,17155768320.0,equity,PASS,
VTRS,Viatris,Health Care,Pharmaceuticals,"Pittsburgh, Pennsylvania",2004-04-23,1792044,1961,2025-08-23,EQUITY,17052944384.0,equity,PASS,
HOLX,Hologic,Health Care,Health Care Equipment,"Marlborough, Massachusetts",2016-03-30,859737,1985,2025-08-23,EQUITY,16968846336.0,equity,PASS,
LII,Lennox International,Industrials,Building Products,"Richardson, Texas",2024-12-23,1069202,1895,2025-08-23,EQUITY,16956483584.0,equity,PASS,
CSGP,CoStar Group,Real Estate,Real Estate Services,"Washington, D.C.",2022-09-19,1057352,1987,2025-08-23,EQUITY,16834241536.0,equity,PASS,
PTC,PTC Inc.,Information Technology,Application Software,"Boston, Massachusetts",2021-04-20,857005,1985,2025-08-23,EQUITY,16707053568.0,equity,PASS,
NWS,News Corp (Class B),Communication Services,Publishing,"New York City, New York",2015-09-18,1564708,2013 (News Corporation 1980),2025-08-23,EQUITY,16473011200.0,equity,PASS,
INVH,Invitation Homes,Real Estate,Single-Family Residential REITs,"Dallas, Texas",2022-09-19,1687229,2012,2025-08-23,EQUITY,16380298240.0,equity,PASS,
DECK,Deckers Brands,Consumer Discretionary,Footwear,"Goleta, California",2024-03-18,910521,1973,2025-08-23,EQUITY,16335809536.0,equity,PASS,
KIM,Kimco Realty,Real Estate,Retail REITs,"Jericho, New York",2006-04-04,879101,1958,2025-08-23,EQUITY,16266605568.0,equity,PASS,
TRMB,Trimble Inc.,Information Technology,Electronic Equipment & Instruments,"Westminster, Colorado",2021-01-21,864749,1978,2025-08-23,EQUITY,16177387520.0,equity,PASS,
TXT,Textron,Industrials,Aerospace & Defense,"Providence, Rhode Island",1978-12-31,217346,1923,2025-08-23,EQUITY,16043843584.0,equity,PASS,
GPC,Genuine Parts Company,Consumer Discretionary,Distributors,"Atlanta, Georgia",1973-12-31,40987,1925,2025-08-23,EQUITY,15893309440.0,equity,PASS,
NDSN,Nordson Corporation,Industrials,Industrial Machinery & Supplies & Components,"Westlake, Ohio",2022-02-15,72331,1935,2025-08-23,EQUITY,15825808384.0,equity,PASS,
HII,Huntington Ingalls Industries,Industrials,Aerospace & Defense,"Newport News, Virginia",2018-01-03,1501585,2011,2025-08-23,EQUITY,15555558400.0,equity,PASS,
IEX,IDEX Corporation,Industrials,Industrial Machinery & Supplies & Components,"Lake Forest, Illinois",2019-08-09,832101,1988,2025-08-23,EQUITY,15316395008.0,equity,PASS,
MAA,Mid-America Apartment Communities,Real Estate,Multi-Family Residential REITs,"Memphis, Tennessee",2016-12-02,912595,1977,2025-08-23,EQUITY,15294345216.0,equity,PASS,
J,Jacobs Solutions,Industrials,Construction & Engineering,"Dallas, Texas",2007-10-26,52988,1947,2025-08-23,EQUITY,15160177664.0,equity,PASS,
APTV,Aptiv,Consumer Discretionary,Automotive Parts & Equipment,"Dublin, Ireland",2012-12-24,1521332,1994,2025-08-23,EQUITY,15159177216.0,equity,PASS,
REG,Regency Centers,Real Estate,Retail REITs,"Jacksonville, Florida",2017-03-02,910606,1963,2025-08-23,EQUITY,15064007680.0,equity,PASS,
NWSA,News Corp (Class A),Communication Services,Publishing,"New York City, New York",2013-08-01,1564708,2013 (News Corporation 1980),2025-08-23,EQUITY,15016058880.0,equity,PASS,
PNR,Pentair,Industrials,Industrial Machinery & Supplies & Components,"Worsley, United Kingdom",2012-10-01,77360,1966,2025-08-23,EQUITY,14989772800.0,equity,PASS,
TYL,Tyler Technologies,Information Technology,Application Software,"Plano, Texas",2020-06-22,860731,1966,2025-08-23,EQUITY,14709797888.0,equity,PASS,
TKO,TKO Group Holdings,Communication Services,Movies & Entertainment,"New York City, New York",2025-03-24,1973266,2023,2025-08-23,EQUITY,14685873152.0,equity,PASS,
HST,Host Hotels & Resorts,Real Estate,Hotel & Resort REITs,"Bethesda, Maryland",2007-03-20,1070750,1993,2025-08-23,EQUITY,14655969280.0,equity,PASS,
MKC,McCormick & Company,Consumer Staples,Packaged Foods & Meats,"Hunt Valley, Maryland",2003-03-20,63754,1889,2025-08-23,EQUITY,14541728768.0,equity,PASS,
PODD,Insulet Corporation,Health Care,Health Care Equipment,"Acton, Massachusetts",2023-03-15,1145197,2000,2025-08-23,EQUITY,14386447360.0,equity,PASS,
BEN,Franklin Resources,Financials,Asset Management & Custody Banks,"San Mateo, California",1998-04-30,38777,1947,2025-08-23,EQUITY,14194862080.0,equity,PASS,
EG,Everest Group,Financials,Reinsurance,"Hamilton, Bermuda",2017-06-19,1095073,1973,2025-08-23,EQUITY,14173913088.0,equity,PASS,
AKAM,Akamai Technologies,Information Technology,Internet Services & Infrastructure,"Cambridge, Massachusetts",2007-07-12,1086222,1998,2025-08-23,EQUITY,14164328448.0,equity,PASS,
HAS,Hasbro,Consumer Discretionary,Leisure Products,"Pawtucket, Rhode Island",1984-09-30,46080,1923,2025-08-23,EQUITY,13704903680.0,equity,PASS,
COO,Cooper Companies (The),Health Care,Health Care Supplies,"San Ramon, California",2016-09-23,711404,1958,2025-08-23,EQUITY,13698981888.0,equity,PASS,
ALGN,Align Technology,Health Care,Health Care Supplies,"Tempe, Arizona",2017-06-19,1097149,1997,2025-08-23,EQUITY,13666365440.0,equity,PASS,
BBY,Best Buy,Consumer Discretionary,Computer & Electronics Retail,"Richfield, Minnesota",1999-06-29,764478,1966,2025-08-23,EQUITY,13629210624.0,equity,PASS,
MAS,Masco,Industrials,Building Products,"Livonia, Michigan",1981-06-30,62996,1929,2025-08-23,EQUITY,13615206400.0,equity,PASS,
BF-B,Brown–Forman,Consumer Staples,Distillers & Vintners,"Louisville, Kentucky",1982-10-31,14693,1870,2025-08-23,EQUITY,13334513664.0,equity,PASS,
AVY,Avery Dennison,Materials,Paper & Plastic Packaging Products & Materials,"Mentor, Ohio",1987-12-31,8818,1935,2025-08-23,EQUITY,13302031360.0,equity,PASS,
UDR,"UDR, Inc.",Real Estate,Multi-Family Residential REITs,"Highlands Ranch, Colorado",2016-03-07,74208,1972,2025-08-23,EQUITY,13199707136.0,equity,PASS,
PSKY,Paramount Skydance Corporation,Communication Services,Movies & Entertainment,"Los Angeles, California",1994-09-30,2041610,2025 (Paramount Pictures 1912),2025-08-23,EQUITY,13038277632.0,equity,PASS,
CLX,Clorox,Consumer Staples,Household Products,"Oakland, California",1969-03-31,21076,1913,2025-08-23,EQUITY,12776835072.0,equity,PASS,
ERIE,Erie Indemnity,Financials,Insurance Brokers,"Erie, Pennsylvania",2024-09-23,922621,1925,2025-08-23,EQUITY,12733628416.0,equity,PASS,
PNW,Pinnacle West Capital,Utilities,Multi-Utilities,"Phoenix, Arizona",1999-10-04,764622,1985,2025-08-23,EQUITY,12579405824.0,equity,PASS,
ALLE,Allegion,Industrials,Building Products,"Dublin, Ireland",2013-12-02,1579241,1908,2025-08-23,EQUITY,12525553664.0,equity,PASS,
DPZ,Domino's,Consumer Discretionary,Restaurants,"Ann Arbor, Michigan",2020-05-12,1286681,1960,2025-08-23,EQUITY,12521719808.0,equity,PASS,
GNRC,Generac,Industrials,Electrical Components & Equipment,"Waukesha, Wisconsin",2021-03-22,1474735,1959,2025-08-23,EQUITY,12487823360.0,equity,PASS,
APA,APA Corporation,Energy,Oil & Gas Exploration & Production,"Houston, Texas",1997-07-28,1841666,1954,2025-08-23,EQUITY,12434394112.0,equity,PASS,
GEN,Gen Digital,Information Technology,Systems Software,"Tempe, Arizona",2003-03-25,849399,1982,2025-08-23,EQUITY,12358990848.0,equity,PASS,
SOLV,Solventum,Health Care,Health Care Technology,"Saint Paul, Minnesota",2024-04-01,1964738,2023,2025-08-23,EQUITY,12219979776.0,equity,PASS,
DOC,Healthpeak Properties,Real Estate,Health Care REITs,"Denver, Colorado",2008-03-31,765880,1985,2025-08-23,EQUITY,11989701632.0,equity,PASS,
GL,Globe Life,Financials,Life & Health Insurance,"McKinney, Texas",1989-04-30,320335,1900,2025-08-23,EQUITY,11919422464.0,equity,PASS,
ZBRA,Zebra Technologies,Information Technology,Electronic Equipment & Instruments,"Lincolnshire, Illinois",2019-12-23,877212,1969,2025-08-23,EQUITY,11611209728.0,equity,PASS,
HRL,Hormel Foods,Consumer Staples,Packaged Foods & Meats,"Austin, Minnesota",2009-03-04,48465,1891,2025-08-23,EQUITY,11583482880.0,equity,PASS,
GDDY,GoDaddy,Information Technology,Internet Services & Infrastructure,"Tempe, Arizona",2024-06-24,1609711,1997,2025-08-23,EQUITY,11495144448.0,equity,PASS,
WYNN,Wynn Resorts,Consumer Discretionary,Casinos & Gaming,"Paradise, Nevada",2008-11-14,1174922,2002,2025-08-23,EQUITY,11440920576.0,equity,PASS,
AIZ,Assurant,Financials,Multi-line Insurance,"Atlanta, Georgia",2007-04-10,1267238,1892,2025-08-23,EQUITY,11350937600.0,equity,PASS,
UHS,Universal Health Services,Health Care,Health Care Facilities,"King of Prussia, Pennsylvania",2014-09-20,352915,1979,2025-08-23,EQUITY,11184048128.0,equity,PASS,
JKHY,Jack Henry & Associates,Financials,Transaction & Payment Processing Services,"Monett, Missouri",2018-11-13,779152,1976,2025-08-23,EQUITY,11141373952.0,equity,PASS,
SWK,Stanley Black & Decker,Industrials,Industrial Machinery & Supplies & Components,"New Britain, Connecticut",1982-09-30,93556,1843,2025-08-23,EQUITY,11102203904.0,equity,PASS,
IVZ,Invesco,Financials,Asset Management & Custody Banks,"Atlanta, Georgia",2008-08-21,914208,1935,2025-08-23,EQUITY,11045635072.0,equity,PASS,
IT,Gartner,Information Technology,IT Consulting & Other Services,"Stamford, Connecticut",2017-04-05,749251,1979,2025-08-23,EQUITY,10862731264.0,equity,PASS,
CPT,Camden Property Trust,Real Estate,Multi-Family Residential REITs,"Houston, Texas",2022-04-04,906345,1981,2025-08-23,EQUITY,10812488704.0,equity,PASS,
TTD,Trade Desk (The),Communication Services,Advertising,"Ventura, California",2025-07-18,1671933,2009,2025-08-23,EQUITY,10807059456.0,equity,PASS,
MGM,MGM Resorts,Consumer Discretionary,Casinos & Gaming,"Paradise, Nevada",2017-07-26,789570,1986,2025-08-23,EQUITY,10573758464.0,equity,PASS,
RVTY,Revvity,Health Care,Health Care Equipment,"Waltham, Massachusetts",1985-05-31,31791,1937,2025-08-23,EQUITY,10364168192.0,equity,PASS,
AES,AES Corporation,Utilities,Independent Power Producers & Energy Traders,"Arlington, Virginia",1998-10-02,874761,1981,2025-08-23,EQUITY,10321712128.0,equity,PASS,
BXP,"BXP, Inc.",Real Estate,Office REITs,"Boston, Massachusetts",2006-04-03,1037540,1970,2025-08-23,EQUITY,10231237632.0,equity,PASS,
SJM,J.M. Smucker Company (The),Consumer Staples,Packaged Foods & Meats,"Orrville, Ohio",2008-11-06,91419,1897,2025-08-23,EQUITY,10164768768.0,equity,PASS,
